<?xml version="1.0" encoding="UTF-8"?>
<project-private xmlns="http://www.netbeans.org/ns/project-private/1">
    <editor-bookmarks xmlns="http://www.netbeans.org/ns/editor-bookmarks/2" lastBookmarkId="0"/>
    <open-files xmlns="http://www.netbeans.org/ns/projectui-open-files/2">
        <group>
            <file>file:/home/jordan/NetBeansProjects/trendz/src/trendz/cust_login.java</file>
            <file>file:/home/jordan/NetBeansProjects/trendz/src/trendz/level.java</file>
            <file>file:/home/jordan/NetBeansProjects/trendz/src/trendz/product_form.java</file>
            <file>file:/home/jordan/NetBeansProjects/trendz/src/trendz/NewJFrame.java</file>
            <file>file:/home/jordan/NetBeansProjects/trendz/src/trendz/cust_form.java</file>
            <file>file:/home/jordan/NetBeansProjects/trendz/src/trendz/bill.java</file>
            <file>file:/home/jordan/NetBeansProjects/trendz/src/trendz/admin.java</file>
            <file>file:/home/jordan/NetBeansProjects/trendz/src/trendz/Trendz.java</file>
            <file>file:/home/jordan/NetBeansProjects/trendz/src/trendz/transaction.java</file>
            <file>file:/home/jordan/NetBeansProjects/trendz/src/trendz/item_form.java</file>
            <file>file:/home/jordan/NetBeansProjects/trendz/src/trendz/day.java</file>
        </group>
    </open-files>
</project-private>
